sw-eth-c2e23-20-01;TK TEC+,crate S1C11b,FEROL 1,FEDs 268,300,frlpc-s1d06-25-01
sw-eth-c2e23-20-01;TK TEC+,crate S1C11b,FEROL 2,FEDs 269,301,frlpc-s1d06-25-01
sw-eth-c2e23-20-01;TK TEC+,crate S1C11b,FEROL 3,FEDs 270,302,frlpc-s1d06-25-01
sw-eth-c2e23-20-01;TK TEC+,crate S1C11b,FEROL 4,FEDs 271,303,frlpc-s1d06-25-01
sw-eth-c2e23-20-01;TK TEC+,crate S1C11b,FEROL 5,FEDs 272,304,frlpc-s1d06-25-01
sw-eth-c2e23-20-01;TK TEC+,crate S1C11b,FEROL 6,FEDs 273,305,frlpc-s1d06-25-01
sw-eth-c2e23-20-01;TK TEC+,crate S1C11b,FEROL 7,FEDs 274,306,frlpc-s1d06-25-01
sw-eth-c2e23-20-01;TK TEC+,crate S1C11b,FEROL 8,FEDs 275,307,frlpc-s1d06-25-01
sw-eth-c2e23-20-01;TK TEC+,crate S1C11b,FEROL 9,FEDs 276,308,frlpc-s1d06-25-01
sw-eth-c2e23-20-01;TK TEC+,crate S1C11b,FEROL 10,FEDs 277,309,frlpc-s1d06-25-01
sw-eth-c2e23-20-01;TK TEC+,crate S1C11b,FEROL 11,FEDs 278,310,frlpc-s1d06-25-01
sw-eth-c2e23-20-01;TK TEC+,crate S1C11b,FEROL 12,FEDs 279,311,frlpc-s1d06-25-01
sw-eth-c2e23-20-01;TK TEC+,crate S1C11b,FEROL 13,FEDs 280,312,frlpc-s1d06-25-01
sw-eth-c2e23-20-01;TK TEC+,crate S1C11b,FEROL 14,FEDs 281,313,frlpc-s1d06-25-01
sw-eth-c2e23-20-01;TK TEC+,crate S1C11b,FEROL 15,FEDs 282,314,frlpc-s1d06-25-01
sw-eth-c2e23-20-01;TK TEC+,crate S1C11b,FEROL 16,FEDs 283,315,frlpc-s1d06-25-01
sw-eth-c2e23-20-01;ECAL E-,crate S2C02a,FEROL 1,FED 606,frlpc-s2d10-01-01
sw-eth-c2e23-20-01;ECAL E-,crate S2C02a,FEROL 2,FED 607,frlpc-s2d10-01-01
sw-eth-c2e23-20-01;ECAL E-,crate S2C02a,FEROL 3,FED 608,frlpc-s2d10-01-01
sw-eth-c2e23-20-01;ECAL E-,crate S2C02a,FEROL 4,FED 609,frlpc-s2d10-01-01
sw-eth-c2e23-20-01;ECAL E-,crate S2C02a,FEROL 5,FED 601,frlpc-s2d10-01-01
sw-eth-c2e23-20-01;ECAL E-,crate S2C02a,FEROL 6,FED 602,frlpc-s2d10-01-01
sw-eth-c2e23-20-01;ECAL E-,crate S2C02a,FEROL 7,FED 603,frlpc-s2d10-01-01
sw-eth-c2e23-20-01;ECAL E-,crate S2C02a,FEROL 8,FED 604,frlpc-s2d10-01-01
sw-eth-c2e23-20-01;ECAL E-,crate S2C02a,FEROL 9,FED 605,frlpc-s2d10-01-01
sw-eth-c2e23-20-01;TOTEM,crate S2B05b,FEROL 1,frlpc-s2d10-13-01
sw-eth-c2e23-20-01;TOTEM,crate S2B05b,FEROL 2,frlpc-s2d10-13-01
sw-eth-c2e23-20-01;TOTEM,crate S2B05b,FEROL 3,frlpc-s2d10-13-01
sw-eth-c2e23-20-01;TOTEM,crate S2B05b,FEROL 4,frlpc-s2d10-13-01
sw-eth-c2e23-20-01;TOTEM,crate S2B05b,FEROL 5,frlpc-s2d10-13-01
sw-eth-c2e23-20-01;TOTEM,crate S2B05b,FEROL 6,frlpc-s2d10-13-01
sw-eth-c2e23-20-01;TOTEM,crate S2B05b,FEROL 7,frlpc-s2d10-13-01
sw-eth-c2e23-20-01;TOTEM,crate S2B05b,FEROL 8,frlpc-s2d10-13-01
sw-eth-c2e23-20-01;TOTEM,crate S2B05b,FEROL 9,frlpc-s2d10-13-01
sw-eth-c2e23-20-01;TCDS 3,crate S1C02e,FEROL 1,FED 1099,frlpc-s1d06-40-01
sw-eth-c2e23-20-01;TCDS 3,crate S1C02e,FEROL 2,FED 1025,frlpc-s1d06-40-01
sw-eth-c2e23-20-01;TCDS 3,crate S1C02e,FEROL 3,FED 1050,frlpc-s1d06-40-01
sw-eth-c2e23-20-01;TCDS 3,crate S1C02e,FEROL 4,FED 1051,frlpc-s1d06-40-01
sw-eth-c2e23-20-01;ru-c2e12-10-01
sw-eth-c2e23-20-01;ru-c2e12-11-01
sw-eth-c2e23-20-01;ru-c2e12-12-01
sw-eth-c2e23-20-01;ru-c2e14-10-01
sw-eth-c2e23-20-01;ru-c2e14-11-01
sw-eth-c2e23-20-01;ru-c2e14-12-01
sw-eth-c2e23-23-01;TK TEC-,crate S1B11b,FEROL 1,FEDs 220,244,frlpc-s1d06-10-01
sw-eth-c2e23-23-01;TK TEC-,crate S1B11b,FEROL 2,FEDs 221,245,frlpc-s1d06-10-01
sw-eth-c2e23-23-01;TK TEC-,crate S1B11b,FEROL 3,FEDs 222,246,frlpc-s1d06-10-01
sw-eth-c2e23-23-01;TK TEC-,crate S1B11b,FEROL 4,FEDs 223,247,frlpc-s1d06-10-01
sw-eth-c2e23-23-01;TK TEC-,crate S1B11b,FEROL 5,FEDs 224,248,frlpc-s1d06-10-01
sw-eth-c2e23-23-01;TK TEC-,crate S1B11b,FEROL 6,FEDs 225,249,frlpc-s1d06-10-01
sw-eth-c2e23-23-01;TK TEC-,crate S1B11b,FEROL 7,FEDs 226,250,frlpc-s1d06-10-01
sw-eth-c2e23-23-01;TK TEC-,crate S1B11b,FEROL 8,FEDs 227,251,frlpc-s1d06-10-01
sw-eth-c2e23-23-01;TK TEC-,crate S1B11b,FEROL 9,FEDs 228,252,frlpc-s1d06-10-01
sw-eth-c2e23-23-01;TK TEC-,crate S1B11b,FEROL 10,FEDs 229,253,frlpc-s1d06-10-01
sw-eth-c2e23-23-01;TK TEC-,crate S1B11b,FEROL 11,FEDs 230,254,frlpc-s1d06-10-01
sw-eth-c2e23-23-01;TK TEC-,crate S1B11b,FEROL 12,FEDs 231,255,frlpc-s1d06-10-01
sw-eth-c2e23-23-01;TK TEC-,crate S1B11b,FEROL 13,FEDs 232,256,frlpc-s1d06-10-01
sw-eth-c2e23-23-01;TK TEC-,crate S1B11b,FEROL 14,FEDs 233,257,frlpc-s1d06-10-01
sw-eth-c2e23-23-01;TK TEC-,crate S1B11b,FEROL 15,FEDs 234,258,frlpc-s1d06-10-01
sw-eth-c2e23-23-01;TK TEC-,crate S1B11b,FEROL 16,FEDs 235,259,frlpc-s1d06-10-01
sw-eth-c2e23-23-01;ECAL B+,crate S2C02b,FEROL 1,FED 628,frlpc-s2d10-02-01
sw-eth-c2e23-23-01;ECAL B+,crate S2C02b,FEROL 2,FED 629,frlpc-s2d10-02-01
sw-eth-c2e23-23-01;ECAL B+,crate S2C02b,FEROL 3,FED 630,frlpc-s2d10-02-01
sw-eth-c2e23-23-01;ECAL B+,crate S2C02b,FEROL 4,FED 634,frlpc-s2d10-02-01
sw-eth-c2e23-23-01;ECAL B+,crate S2C02b,FEROL 5,FED 635,frlpc-s2d10-02-01
sw-eth-c2e23-23-01;ECAL B+,crate S2C02b,FEROL 6,FED 636,frlpc-s2d10-02-01
sw-eth-c2e23-23-01;ECAL B+,crate S2C02b,FEROL 7,FED 631,frlpc-s2d10-02-01
sw-eth-c2e23-23-01;ECAL B+,crate S2C02b,FEROL 8,FED 632,frlpc-s2d10-02-01
sw-eth-c2e23-23-01;ECAL B+,crate S2C02b,FEROL 9,FED 633,frlpc-s2d10-02-01
sw-eth-c2e23-23-01;TOTEM,crate S2B05c,FEROL 1,frlpc-s2d10-14-01
sw-eth-c2e23-23-01;TOTEM,crate S2B05c,FEROL 2,frlpc-s2d10-14-01
sw-eth-c2e23-23-01;TOTEM,crate S2B05c,FEROL 3,frlpc-s2d10-14-01
sw-eth-c2e23-23-01;TOTEM,crate S2B05c,FEROL 4,frlpc-s2d10-14-01
sw-eth-c2e23-23-01;TOTEM,crate S2B05c,FEROL 5,frlpc-s2d10-14-01
sw-eth-c2e23-23-01;TOTEM,crate S2B05c,FEROL 6,frlpc-s2d10-14-01
sw-eth-c2e23-23-01;TOTEM,crate S2B05c,FEROL 7,frlpc-s2d10-14-01
sw-eth-c2e23-23-01;TOTEM,crate S2B05c,FEROL 8,frlpc-s2d10-14-01
sw-eth-c2e23-23-01;TOTEM,crate S2B05c,FEROL 9,frlpc-s2d10-14-01
sw-eth-c2e23-23-01;TOTEM,crate S2B05c,FEROL 10,frlpc-s2d10-14-01
sw-eth-c2e23-23-01;TOTEM,crate S2B05c,FEROL 11,frlpc-s2d10-14-01
sw-eth-c2e23-23-01;TOTEM,crate S2B05c,FEROL 12,frlpc-s2d10-14-01
sw-eth-c2e23-23-01;DTTF/CSCTF,crate S1C01a,FEROL 1,FED 780,frlpc-s1d06-11-01
sw-eth-c2e23-23-01;DTTF/CSCTF,crate S1C01a,FEROL 2,FED 760,frlpc-s1d06-11-01
sw-eth-c2e23-23-01;DTTF/CSCTF,crate S1C01a,FEROL 3,FED -1,frlpc-s1d06-11-01
sw-eth-c2e23-23-01;ru-c2e12-13-01
sw-eth-c2e23-23-01;ru-c2e12-14-01
sw-eth-c2e23-23-01;ru-c2e12-15-01
sw-eth-c2e23-23-01;ru-c2e14-13-01
sw-eth-c2e23-23-01;ru-c2e14-14-01
sw-eth-c2e23-23-01;ru-c2e14-15-01
sw-eth-c2e23-26-01;Pix EC,crate S1G05b,FEROL 1,FED 32,frlpc-s1d06-31-01
sw-eth-c2e23-26-01;Pix EC,crate S1G05b,FEROL 2,FED 33,frlpc-s1d06-31-01
sw-eth-c2e23-26-01;Pix EC,crate S1G05b,FEROL 3,FED 34,frlpc-s1d06-31-01
sw-eth-c2e23-26-01;Pix EC,crate S1G05b,FEROL 4,FED 35,frlpc-s1d06-31-01
sw-eth-c2e23-26-01;Pix EC,crate S1G05b,FEROL 5,FED 36,frlpc-s1d06-31-01
sw-eth-c2e23-26-01;Pix EC,crate S1G05b,FEROL 6,FED 37,frlpc-s1d06-31-01
sw-eth-c2e23-26-01;Pix EC,crate S1G05b,FEROL 7,FED 38,frlpc-s1d06-31-01
sw-eth-c2e23-26-01;Pix EC,crate S1G05b,FEROL 8,FED 39,frlpc-s1d06-31-01
sw-eth-c2e23-26-01;ECAL B-,crate S2C02c,FEROL 1,FED 610,frlpc-s2d10-03-01
sw-eth-c2e23-26-01;ECAL B-,crate S2C02c,FEROL 2,FED 611,frlpc-s2d10-03-01
sw-eth-c2e23-26-01;ECAL B-,crate S2C02c,FEROL 3,FED 612,frlpc-s2d10-03-01
sw-eth-c2e23-26-01;ECAL B-,crate S2C02c,FEROL 4,FED 616,frlpc-s2d10-03-01
sw-eth-c2e23-26-01;ECAL B-,crate S2C02c,FEROL 5,FED 617,frlpc-s2d10-03-01
sw-eth-c2e23-26-01;ECAL B-,crate S2C02c,FEROL 6,FED 618,frlpc-s2d10-03-01
sw-eth-c2e23-26-01;ECAL B-,crate S2C02c,FEROL 7,FED 613,frlpc-s2d10-03-01
sw-eth-c2e23-26-01;ECAL B-,crate S2C02c,FEROL 8,FED 614,frlpc-s2d10-03-01
sw-eth-c2e23-26-01;ECAL B-,crate S2C02c,FEROL 9,FED 615,frlpc-s2d10-03-01
sw-eth-c2e23-26-01;MUON TRIG,crate S1C11c,FEROL 1
sw-eth-c2e23-26-01;MUON TRIG,crate S1C11c,FEROL 2
sw-eth-c2e23-26-01;MUON TRIG,crate S1C11c,FEROL 3
sw-eth-c2e23-26-01;MUON TRIG,crate S1C11c,FEROL 4
sw-eth-c2e23-26-01;MUON TRIG,crate S1C11c,FEROL 5
sw-eth-c2e23-26-01;MUON TRIG,crate S1C11c,FEROL 6
sw-eth-c2e23-26-01;MUON TRIG,crate S1C11c,FEROL 7
sw-eth-c2e23-26-01;MUON TRIG,crate S1C11c,FEROL 8
sw-eth-c2e23-26-01;ES-,crate S1C01b,FEROL 1,FED 546,frlpc-s1d06-13-01
sw-eth-c2e23-26-01;ES-,crate S1C01b,FEROL 2,FED 531,frlpc-s1d06-13-01
sw-eth-c2e23-26-01;ES-,crate S1C01b,FEROL 3,frlpc-s1d06-13-01
sw-eth-c2e23-26-01;ES-,crate S1C01b,FEROL 4,FED 547,frlpc-s1d06-13-01
sw-eth-c2e23-26-01;ES-,crate S1C01b,FEROL 5,FEDs 524,537,frlpc-s1d06-13-01
sw-eth-c2e23-26-01;ES-,crate S1C01b,FEROL 6,FEDs 532,539,frlpc-s1d06-13-01
sw-eth-c2e23-26-01;ES-,crate S1C01b,FEROL 7,FEDs 525,545,frlpc-s1d06-13-01
sw-eth-c2e23-26-01;ES-,crate S1C01b,FEROL 8,FED 540,frlpc-s1d06-13-01
sw-eth-c2e23-26-01;ES-,crate S1C01b,FEROL 9,FEDs 523,534,frlpc-s1d06-13-01
sw-eth-c2e23-26-01;ES-,crate S1C01b,FEROL 10,FEDs 522,541,frlpc-s1d06-13-01
sw-eth-c2e23-26-01;ES-,crate S1C01b,FEROL 11,FEDs 528,542,frlpc-s1d06-13-01
sw-eth-c2e23-26-01;ES-,crate S1C01b,FEROL 12,FED 520,frlpc-s1d06-13-01
sw-eth-c2e23-26-01;ES-,crate S1C01b,FEROL 13,FEDs 529,535,frlpc-s1d06-13-01
sw-eth-c2e23-26-01;ES-,crate S1C01b,FEROL 14,FED 530,frlpc-s1d06-13-01
sw-eth-c2e23-26-01;ru-c2e12-16-01
sw-eth-c2e23-26-01;ru-c2e12-17-01
sw-eth-c2e23-26-01;ru-c2e12-18-01
sw-eth-c2e23-26-01;ru-c2e14-16-01
sw-eth-c2e23-26-01;ru-c2e14-17-01
sw-eth-c2e23-26-01;ru-c2e14-18-01
sw-eth-c2e23-29-01;ECAL E+,crate S2D09a,FEROL 1,FED 648,frlpc-s2d10-10-01
sw-eth-c2e23-29-01;ECAL E+,crate S2D09a,FEROL 2,FED 649,frlpc-s2d10-10-01
sw-eth-c2e23-29-01;ECAL E+,crate S2D09a,FEROL 3,FED 650,frlpc-s2d10-10-01
sw-eth-c2e23-29-01;ECAL E+,crate S2D09a,FEROL 4,FED 654,frlpc-s2d10-10-01
sw-eth-c2e23-29-01;ECAL E+,crate S2D09a,FEROL 5,FED 646,frlpc-s2d10-10-01
sw-eth-c2e23-29-01;ECAL E+,crate S2D09a,FEROL 6,FED 647,frlpc-s2d10-10-01
sw-eth-c2e23-29-01;ECAL E+,crate S2D09a,FEROL 7,FED 651,frlpc-s2d10-10-01
sw-eth-c2e23-29-01;ECAL E+,crate S2D09a,FEROL 8,FED 652,frlpc-s2d10-10-01
sw-eth-c2e23-29-01;ECAL E+,crate S2D09a,FEROL 9,FED 653,frlpc-s2d10-10-01
sw-eth-c2e23-29-01;ECAL TRIG,crate S2D09d,FEROL 1
sw-eth-c2e23-29-01;ECAL TRIG,crate S2D09d,FEROL 2
sw-eth-c2e23-29-01;ECAL TRIG,crate S2D09d,FEROL 3
sw-eth-c2e23-29-01;ECAL TRIG,crate S2D09d,FEROL 4
sw-eth-c2e23-29-01;ECAL TRIG,crate S2D09d,FEROL 5
sw-eth-c2e23-29-01;ECAL TRIG,crate S2D09d,FEROL 6
sw-eth-c2e23-29-01;ECAL TRIG,crate S2D09d,FEROL 7
sw-eth-c2e23-29-01;ECAL TRIG,crate S2D09d,FEROL 8
sw-eth-c2e23-29-01;DT,crate S1F09e,FEROL 1
sw-eth-c2e23-29-01;DT,crate S1F09e,FEROL 2
sw-eth-c2e23-29-01;DT,crate S1F09e,FEROL 3
sw-eth-c2e23-29-01;DT,crate S1F09e,FEROL 4
sw-eth-c2e23-29-01;DT,crate S1F09e,FEROL 5
sw-eth-c2e23-29-01;DT,crate S1F09e,FEROL 6
sw-eth-c2e23-29-01;DT,crate S1F09e,FEROL 7
sw-eth-c2e23-29-01;DT,crate S1F09e,FEROL 8
sw-eth-c2e23-29-01;DT,crate S1F09e,FEROL 9
sw-eth-c2e23-29-01;DTTF,crate S1F09e,FEROL 1
sw-eth-c2e23-29-01;DTTF,crate S1F09e,FEROL 2
sw-eth-c2e23-29-01;PIXEL,crate S1F09e,FEROL 1
sw-eth-c2e23-29-01;PIXEL,crate S1F09e,FEROL 2
sw-eth-c2e23-29-01;GT,crate S1F09e,FEROL 1
sw-eth-c2e23-29-01;TCDS 2,crate S1C01e,FEROL 1,FED 1038,frlpc-s1d06-16-01
sw-eth-c2e23-29-01;TCDS 2,crate S1C01e,FEROL 2,FED 1039,frlpc-s1d06-16-01
sw-eth-c2e23-29-01;TCDS 2,crate S1C01e,FEROL 3,FED 1040,frlpc-s1d06-16-01
sw-eth-c2e23-29-01;TCDS 2,crate S1C01e,FEROL 4,FED 1041,frlpc-s1d06-16-01
sw-eth-c2e23-29-01;TCDS 2,crate S1C01e,FEROL 5,FED 1042,frlpc-s1d06-16-01
sw-eth-c2e23-29-01;TCDS 2,crate S1C01e,FEROL 6,FED 1043,frlpc-s1d06-16-01
sw-eth-c2e23-29-01;TCDS 2,crate S1C01e,FEROL 7,FED 1044,frlpc-s1d06-16-01
sw-eth-c2e23-29-01;TCDS 2,crate S1C01e,FEROL 8,FED 1045,frlpc-s1d06-16-01
sw-eth-c2e23-29-01;TCDS 2,crate S1C01e,FEROL 9,frlpc-s1d06-16-01
sw-eth-c2e23-29-01;TCDS 2,crate S1C01e,FEROL 10,FED 1047,frlpc-s1d06-16-01
sw-eth-c2e23-29-01;TCDS 2,crate S1C01e,FEROL 11,FED 1048,frlpc-s1d06-16-01
sw-eth-c2e23-29-01;TCDS 2,crate S1C01e,FEROL 12,FED 1049,frlpc-s1d06-16-01
sw-eth-c2e23-29-01;TCDS 2,crate S1C01e,FEROL 13,frlpc-s1d06-16-01
sw-eth-c2e23-29-01;TCDS 2,crate S1C01e,FEROL 14,frlpc-s1d06-16-01
sw-eth-c2e23-29-01;TCDS 2,crate S1C01e,FEROL 15,frlpc-s1d06-16-01
sw-eth-c2e23-29-01;ru-c2e12-19-01
sw-eth-c2e23-29-01;ru-c2e12-22-01
sw-eth-c2e23-29-01;ru-c2e12-23-01
sw-eth-c2e23-29-01;ru-c2e14-19-01
sw-eth-c2e23-29-01;ru-c2e14-22-01
sw-eth-c2e23-29-01;ru-c2e14-23-01
sw-eth-c2e23-32-01;TK TEC-,crate S1B07b,FEROL 1,FEDs 189,190,frlpc-s1d06-08-01
sw-eth-c2e23-32-01;TK TEC-,crate S1B07b,FEROL 2,FEDs 191,192,frlpc-s1d06-08-01
sw-eth-c2e23-32-01;TK TEC-,crate S1B07b,FEROL 3,FEDs 193,194,frlpc-s1d06-08-01
sw-eth-c2e23-32-01;TK TEC-,crate S1B07b,FEROL 4,FEDs 195,196,frlpc-s1d06-08-01
sw-eth-c2e23-32-01;TK TEC-,crate S1B07b,FEROL 5,FEDs 197,198,frlpc-s1d06-08-01
sw-eth-c2e23-32-01;TK TEC-,crate S1B07b,FEROL 6,FEDs 199,200,frlpc-s1d06-08-01
sw-eth-c2e23-32-01;TK TEC-,crate S1B07b,FEROL 7,FEDs 201,202,frlpc-s1d06-08-01
sw-eth-c2e23-32-01;TK TEC-,crate S1B07b,FEROL 8,FEDs 174,203,frlpc-s1d06-08-01
sw-eth-c2e23-32-01;TK TEC-,crate S1B07b,FEROL 9,FEDs 175,176,frlpc-s1d06-08-01
sw-eth-c2e23-32-01;TK TEC-,crate S1B07b,FEROL 10,FEDs 177,178,frlpc-s1d06-08-01
sw-eth-c2e23-32-01;TK TEC-,crate S1B07b,FEROL 11,FEDs 179,180,frlpc-s1d06-08-01
sw-eth-c2e23-32-01;TK TEC-,crate S1B07b,FEROL 12,FEDs 181,182,frlpc-s1d06-08-01
sw-eth-c2e23-32-01;TK TEC-,crate S1B07b,FEROL 13,FEDs 183,184,frlpc-s1d06-08-01
sw-eth-c2e23-32-01;TK TEC-,crate S1B07b,FEROL 14,FEDs 185,186,frlpc-s1d06-08-01
sw-eth-c2e23-32-01;TK TEC-,crate S1B07b,FEROL 15,FEDs 187,188,frlpc-s1d06-08-01
sw-eth-c2e23-32-01;TK TEC-,crate S1B07b,FEROL 16,FEDs 164,165,frlpc-s1d06-08-01
sw-eth-c2e23-32-01;ECAL B+,crate S2D09b,FEROL 1,FED 643,frlpc-s2d10-11-01
sw-eth-c2e23-32-01;ECAL B+,crate S2D09b,FEROL 2,FED 644,frlpc-s2d10-11-01
sw-eth-c2e23-32-01;ECAL B+,crate S2D09b,FEROL 3,FED 645,frlpc-s2d10-11-01
sw-eth-c2e23-32-01;ECAL B+,crate S2D09b,FEROL 4,FED 637,frlpc-s2d10-11-01
sw-eth-c2e23-32-01;ECAL B+,crate S2D09b,FEROL 5,FED 638,frlpc-s2d10-11-01
sw-eth-c2e23-32-01;ECAL B+,crate S2D09b,FEROL 6,FED 639,frlpc-s2d10-11-01
sw-eth-c2e23-32-01;ECAL B+,crate S2D09b,FEROL 7,FED 640,frlpc-s2d10-11-01
sw-eth-c2e23-32-01;ECAL B+,crate S2D09b,FEROL 8,FED 641,frlpc-s2d10-11-01
sw-eth-c2e23-32-01;ECAL B+,crate S2D09b,FEROL 9,FED 642,frlpc-s2d10-11-01
sw-eth-c2e23-32-01;TCDS 1,crate S1C01d,FEROL 1,FED 1026,frlpc-s1d06-15-01
sw-eth-c2e23-32-01;TCDS 1,crate S1C01d,FEROL 2,FED 1027,frlpc-s1d06-15-01
sw-eth-c2e23-32-01;TCDS 1,crate S1C01d,FEROL 3,FED 1028,frlpc-s1d06-15-01
sw-eth-c2e23-32-01;TCDS 1,crate S1C01d,FEROL 4,FED 1029,frlpc-s1d06-15-01
sw-eth-c2e23-32-01;TCDS 1,crate S1C01d,FEROL 5,FED 1030,frlpc-s1d06-15-01
sw-eth-c2e23-32-01;TCDS 1,crate S1C01d,FEROL 6,FED 1031,frlpc-s1d06-15-01
sw-eth-c2e23-32-01;TCDS 1,crate S1C01d,FEROL 7,FED 1032,frlpc-s1d06-15-01
sw-eth-c2e23-32-01;TCDS 1,crate S1C01d,FEROL 8,FED 1033,frlpc-s1d06-15-01
sw-eth-c2e23-32-01;TCDS 1,crate S1C01d,FEROL 9,frlpc-s1d06-15-01
sw-eth-c2e23-32-01;TCDS 1,crate S1C01d,FEROL 10,FED 1035,frlpc-s1d06-15-01
sw-eth-c2e23-32-01;TCDS 1,crate S1C01d,FEROL 11,FED 1036,frlpc-s1d06-15-01
sw-eth-c2e23-32-01;TCDS 1,crate S1C01d,FEROL 12,FED 1037,frlpc-s1d06-15-01
sw-eth-c2e23-32-01;TCDS 1,crate S1C01d,FEROL 13,frlpc-s1d06-15-01
sw-eth-c2e23-32-01;TCDS 1,crate S1C01d,FEROL 14,frlpc-s1d06-15-01
sw-eth-c2e23-32-01;TCDS 1,crate S1C01d,FEROL 15,frlpc-s1d06-15-01
sw-eth-c2e23-32-01;ru-c2e12-24-01
sw-eth-c2e23-32-01;ru-c2e12-25-01
sw-eth-c2e23-32-01;ru-c2e12-26-01
sw-eth-c2e23-32-01;ru-c2e14-24-01
sw-eth-c2e23-32-01;ru-c2e14-25-01
sw-eth-c2e23-32-01;ru-c2e14-26-01
sw-eth-c2e23-35-01;TK TEC-,crate S1B07c,FEROL 1,FEDs 166,204,frlpc-s1d06-09-01
sw-eth-c2e23-35-01;TK TEC-,crate S1B07c,FEROL 2,FEDs 167,205,frlpc-s1d06-09-01
sw-eth-c2e23-35-01;TK TEC-,crate S1B07c,FEROL 3,FEDs 168,206,frlpc-s1d06-09-01
sw-eth-c2e23-35-01;TK TEC-,crate S1B07c,FEROL 4,FEDs 169,207,frlpc-s1d06-09-01
sw-eth-c2e23-35-01;TK TEC-,crate S1B07c,FEROL 5,FEDs 170,208,frlpc-s1d06-09-01
sw-eth-c2e23-35-01;TK TEC-,crate S1B07c,FEROL 6,FEDs 171,209,frlpc-s1d06-09-01
sw-eth-c2e23-35-01;TK TEC-,crate S1B07c,FEROL 7,FEDs 172,210,frlpc-s1d06-09-01
sw-eth-c2e23-35-01;TK TEC-,crate S1B07c,FEROL 8,FEDs 173,211,frlpc-s1d06-09-01
sw-eth-c2e23-35-01;TK TEC-,crate S1B07c,FEROL 9,FEDs 212,236,frlpc-s1d06-09-01
sw-eth-c2e23-35-01;TK TEC-,crate S1B07c,FEROL 10,FEDs 213,237,frlpc-s1d06-09-01
sw-eth-c2e23-35-01;TK TEC-,crate S1B07c,FEROL 11,FEDs 214,238,frlpc-s1d06-09-01
sw-eth-c2e23-35-01;TK TEC-,crate S1B07c,FEROL 12,FEDs 215,239,frlpc-s1d06-09-01
sw-eth-c2e23-35-01;TK TEC-,crate S1B07c,FEROL 13,FEDs 216,240,frlpc-s1d06-09-01
sw-eth-c2e23-35-01;TK TEC-,crate S1B07c,FEROL 14,FEDs 217,241,frlpc-s1d06-09-01
sw-eth-c2e23-35-01;TK TEC-,crate S1B07c,FEROL 15,FEDs 218,242,frlpc-s1d06-09-01
sw-eth-c2e23-35-01;TK TEC-,crate S1B07c,FEROL 16,FEDs 219,243,frlpc-s1d06-09-01
sw-eth-c2e23-35-01;ECAL B-,crate S2D09c,FEROL 1,FED 625,frlpc-s2d10-12-01
sw-eth-c2e23-35-01;ECAL B-,crate S2D09c,FEROL 2,FED 626,frlpc-s2d10-12-01
sw-eth-c2e23-35-01;ECAL B-,crate S2D09c,FEROL 3,FED 627,frlpc-s2d10-12-01
sw-eth-c2e23-35-01;ECAL B-,crate S2D09c,FEROL 4,FED 619,frlpc-s2d10-12-01
sw-eth-c2e23-35-01;ECAL B-,crate S2D09c,FEROL 5,FED 620,frlpc-s2d10-12-01
sw-eth-c2e23-35-01;ECAL B-,crate S2D09c,FEROL 6,FED 621,frlpc-s2d10-12-01
sw-eth-c2e23-35-01;ECAL B-,crate S2D09c,FEROL 7,FED 622,frlpc-s2d10-12-01
sw-eth-c2e23-35-01;ECAL B-,crate S2D09c,FEROL 8,FED 623,frlpc-s2d10-12-01
sw-eth-c2e23-35-01;ECAL B-,crate S2D09c,FEROL 9,FED 624,frlpc-s2d10-12-01
sw-eth-c2e23-35-01;ES+,crate S1C01c,FEROL 1,FEDs 557,571,frlpc-s1d06-14-01
sw-eth-c2e23-35-01;ES+,crate S1C01c,FEROL 2,FEDs 555,569,frlpc-s1d06-14-01
sw-eth-c2e23-35-01;ES+,crate S1C01c,FEROL 3,FED 563,frlpc-s1d06-14-01
sw-eth-c2e23-35-01;ES+,crate S1C01c,FEROL 4,FED 549,frlpc-s1d06-14-01
sw-eth-c2e23-35-01;ES+,crate S1C01c,FEROL 5,FEDs 551,570,frlpc-s1d06-14-01
sw-eth-c2e23-35-01;ES+,crate S1C01c,FEROL 6,frlpc-s1d06-14-01
sw-eth-c2e23-35-01;ES+,crate S1C01c,FEROL 7,FEDs 556,575,frlpc-s1d06-14-01
sw-eth-c2e23-35-01;ES+,crate S1C01c,FEROL 8,FEDs 548,564,frlpc-s1d06-14-01
sw-eth-c2e23-35-01;ES+,crate S1C01c,FEROL 9,FED 568,frlpc-s1d06-14-01
sw-eth-c2e23-35-01;ES+,crate S1C01c,FEROL 10,FEDs 554,572,frlpc-s1d06-14-01
sw-eth-c2e23-35-01;ES+,crate S1C01c,FEROL 11,FEDs 560,574,frlpc-s1d06-14-01
sw-eth-c2e23-35-01;ES+,crate S1C01c,FEROL 12,FED 566,frlpc-s1d06-14-01
sw-eth-c2e23-35-01;ES+,crate S1C01c,FEROL 13,FEDs 553,573,frlpc-s1d06-14-01
sw-eth-c2e23-35-01;ES+,crate S1C01c,FEROL 14,FEDs 561,565,frlpc-s1d06-14-01
sw-eth-c2e23-35-01;ru-c2e12-27-01
sw-eth-c2e23-35-01;ru-c2e12-28-01
sw-eth-c2e23-35-01;ru-c2e12-29-01
sw-eth-c2e23-35-01;ru-c2e14-27-01
sw-eth-c2e23-35-01;ru-c2e14-28-01
sw-eth-c2e23-35-01;ru-c2e14-29-01
sw-eth-c2e23-38-01;TK TID,crate S1B06b,FEROL 1,FED 149,frlpc-s1d06-04-01
sw-eth-c2e23-38-01;TK TID,crate S1B06b,FEROL 2,FED 150,frlpc-s1d06-04-01
sw-eth-c2e23-38-01;TK TID,crate S1B06b,FEROL 3,FED 151,frlpc-s1d06-04-01
sw-eth-c2e23-38-01;TK TID,crate S1B06b,FEROL 4,FED 152,frlpc-s1d06-04-01
sw-eth-c2e23-38-01;TK TID,crate S1B06b,FEROL 5,FED 153,frlpc-s1d06-04-01
sw-eth-c2e23-38-01;TK TID,crate S1B06b,FEROL 6,FED 154,frlpc-s1d06-04-01
sw-eth-c2e23-38-01;TK TID,crate S1B06b,FEROL 7,FED 155,frlpc-s1d06-04-01
sw-eth-c2e23-38-01;TK TID,crate S1B06b,FEROL 8,FED 156,frlpc-s1d06-04-01
sw-eth-c2e23-38-01;TK TID,crate S1B06b,FEROL 9,FED 157,frlpc-s1d06-04-01
sw-eth-c2e23-38-01;TK TID,crate S1B06b,FEROL 10,FED 158,frlpc-s1d06-04-01
sw-eth-c2e23-38-01;TK TID,crate S1B06b,FEROL 11,FED 159,frlpc-s1d06-04-01
sw-eth-c2e23-38-01;TK TID,crate S1B06b,FEROL 12,FED 160,frlpc-s1d06-04-01
sw-eth-c2e23-38-01;TK TID,crate S1B06b,FEROL 13,FED 161,frlpc-s1d06-04-01
sw-eth-c2e23-38-01;TK TID,crate S1B06b,FEROL 14,FED 162,frlpc-s1d06-04-01
sw-eth-c2e23-38-01;TK TID,crate S1B06b,FEROL 15,FED 163,frlpc-s1d06-04-01
sw-eth-c2e23-38-01;HCAL B/E,crate S2F10a,FEROL 1,FED 706,frlpc-s2d10-05-01
sw-eth-c2e23-38-01;HCAL B/E,crate S2F10a,FEROL 2,FED 707,frlpc-s2d10-05-01
sw-eth-c2e23-38-01;HCAL B/E,crate S2F10a,FEROL 3,FED 708,frlpc-s2d10-05-01
sw-eth-c2e23-38-01;HCAL B/E,crate S2F10a,FEROL 4,FED 709,frlpc-s2d10-05-01
sw-eth-c2e23-38-01;HCAL B/E,crate S2F10a,FEROL 5,FED 710,frlpc-s2d10-05-01
sw-eth-c2e23-38-01;HCAL B/E,crate S2F10a,FEROL 6,FED 711,frlpc-s2d10-05-01
sw-eth-c2e23-38-01;HCAL B/E,crate S2F10a,FEROL 7,FED 705,frlpc-s2d10-05-01
sw-eth-c2e23-38-01;HCAL B/E,crate S2F10a,FEROL 8,FED 704,frlpc-s2d10-05-01
sw-eth-c2e23-38-01;HCAL B/E,crate S2F10a,FEROL 9,FED 702,frlpc-s2d10-05-01
sw-eth-c2e23-38-01;HCAL B/E,crate S2F10a,FEROL 10,FED 703,frlpc-s2d10-05-01
sw-eth-c2e23-38-01;HCAL B/E,crate S2F10a,FEROL 11,FED 700,frlpc-s2d10-05-01
sw-eth-c2e23-38-01;HCAL B/E,crate S2F10a,FEROL 12,FED 701,frlpc-s2d10-05-01
sw-eth-c2e23-38-01;CSC,crate S1G05e,FEROL 1,FEDs 831,841,frlpc-s1d06-34-01
sw-eth-c2e23-38-01;CSC,crate S1G05e,FEROL 2,FEDs 832,842,frlpc-s1d06-34-01
sw-eth-c2e23-38-01;CSC,crate S1G05e,FEROL 3,FEDs 833,843,frlpc-s1d06-34-01
sw-eth-c2e23-38-01;CSC,crate S1G05e,FEROL 4,FEDs 834,844,frlpc-s1d06-34-01
sw-eth-c2e23-38-01;CSC,crate S1G05e,FEROL 5,FEDs 835,845,frlpc-s1d06-34-01
sw-eth-c2e23-38-01;CSC,crate S1G05e,FEROL 6,FEDs 836,846,frlpc-s1d06-34-01
sw-eth-c2e23-38-01;CSC,crate S1G05e,FEROL 7,FEDs 837,847,frlpc-s1d06-34-01
sw-eth-c2e23-38-01;CSC,crate S1G05e,FEROL 8,FEDs 838,848,frlpc-s1d06-34-01
sw-eth-c2e23-38-01;CSC,crate S1G05e,FEROL 9,FEDs 851,861,frlpc-s1d06-34-01
sw-eth-c2e23-38-01;CSC,crate S1G05e,FEROL 10,FEDs 852,862,frlpc-s1d06-34-01
sw-eth-c2e23-38-01;CSC,crate S1G05e,FEROL 11,FEDs 853,863,frlpc-s1d06-34-01
sw-eth-c2e23-38-01;CSC,crate S1G05e,FEROL 12,FEDs 854,864,frlpc-s1d06-34-01
sw-eth-c2e23-38-01;CSC,crate S1G05e,FEROL 13,FEDs 855,865,frlpc-s1d06-34-01
sw-eth-c2e23-38-01;CSC,crate S1G05e,FEROL 14,FEDs 856,866,frlpc-s1d06-34-01
sw-eth-c2e23-38-01;CSC,crate S1G05e,FEROL 15,FEDs 857,867,frlpc-s1d06-34-01
sw-eth-c2e23-38-01;CSC,crate S1G05e,FEROL 16,FEDs 858,868,frlpc-s1d06-34-01
sw-eth-c2e23-38-01;CSC,crate S1G05e,FEROL 17,FEDs 859,869,frlpc-s1d06-34-01
sw-eth-c2e23-38-01;CSC,crate S1G05e,FEROL 18,FEDs 839,849,frlpc-s1d06-34-01
sw-eth-c2e23-38-01;ru-c2e12-30-01
sw-eth-c2e23-38-01;ru-c2e12-34-01
sw-eth-c2e23-38-01;ru-c2e12-35-01
sw-eth-c2e23-38-01;ru-c2e14-30-01
sw-eth-c2e23-38-01;ru-c2e14-34-01
sw-eth-c2e23-38-01;ru-c2e14-35-01
sw-eth-c2e24-20-01;TK TOB,crate S1C02b,FEROL 1,FEDs 416,474,frlpc-s1d06-18-01
sw-eth-c2e24-20-01;TK TOB,crate S1C02b,FEROL 2,FEDs 417,475,frlpc-s1d06-18-01
sw-eth-c2e24-20-01;TK TOB,crate S1C02b,FEROL 3,FEDs 418,476,frlpc-s1d06-18-01
sw-eth-c2e24-20-01;TK TOB,crate S1C02b,FEROL 4,FEDs 419,477,frlpc-s1d06-18-01
sw-eth-c2e24-20-01;TK TOB,crate S1C02b,FEROL 5,FEDs 420,478,frlpc-s1d06-18-01
sw-eth-c2e24-20-01;TK TOB,crate S1C02b,FEROL 6,FEDs 421,479,frlpc-s1d06-18-01
sw-eth-c2e24-20-01;TK TOB,crate S1C02b,FEROL 7,FEDs 422,480,frlpc-s1d06-18-01
sw-eth-c2e24-20-01;TK TOB,crate S1C02b,FEROL 8,FEDs 423,481,frlpc-s1d06-18-01
sw-eth-c2e24-20-01;TK TOB,crate S1C02b,FEROL 9,FEDs 424,482,frlpc-s1d06-18-01
sw-eth-c2e24-20-01;TK TOB,crate S1C02b,FEROL 10,FEDs 425,483,frlpc-s1d06-18-01
sw-eth-c2e24-20-01;TK TOB,crate S1C02b,FEROL 11,FEDs 426,484,frlpc-s1d06-18-01
sw-eth-c2e24-20-01;TK TOB,crate S1C02b,FEROL 12,FEDs 402,485,frlpc-s1d06-18-01
sw-eth-c2e24-20-01;TK TOB,crate S1C02b,FEROL 13,FEDs 403,486,frlpc-s1d06-18-01
sw-eth-c2e24-20-01;TK TOB,crate S1C02b,FEROL 14,FEDs 404,487,frlpc-s1d06-18-01
sw-eth-c2e24-20-01;TK TOB,crate S1C02b,FEROL 15,FEDs 405,488,frlpc-s1d06-18-01
sw-eth-c2e24-20-01;TK TOB,crate S1C02b,FEROL 16,FEDs 406,489,frlpc-s1d06-18-01
sw-eth-c2e24-20-01;TK TID,crate S1B06c,FEROL 1,FED 134,frlpc-s1d06-05-01
sw-eth-c2e24-20-01;TK TID,crate S1B06c,FEROL 2,FED 135,frlpc-s1d06-05-01
sw-eth-c2e24-20-01;TK TID,crate S1B06c,FEROL 3,FED 136,frlpc-s1d06-05-01
sw-eth-c2e24-20-01;TK TID,crate S1B06c,FEROL 4,FED 137,frlpc-s1d06-05-01
sw-eth-c2e24-20-01;TK TID,crate S1B06c,FEROL 5,FED 138,frlpc-s1d06-05-01
sw-eth-c2e24-20-01;TK TID,crate S1B06c,FEROL 6,FED 139,frlpc-s1d06-05-01
sw-eth-c2e24-20-01;TK TID,crate S1B06c,FEROL 7,FED 140,frlpc-s1d06-05-01
sw-eth-c2e24-20-01;TK TID,crate S1B06c,FEROL 8,FED 141,frlpc-s1d06-05-01
sw-eth-c2e24-20-01;TK TID,crate S1B06c,FEROL 9,FED 142,frlpc-s1d06-05-01
sw-eth-c2e24-20-01;TK TID,crate S1B06c,FEROL 10,FED 143,frlpc-s1d06-05-01
sw-eth-c2e24-20-01;TK TID,crate S1B06c,FEROL 11,FED 144,frlpc-s1d06-05-01
sw-eth-c2e24-20-01;TK TID,crate S1B06c,FEROL 12,FED 145,frlpc-s1d06-05-01
sw-eth-c2e24-20-01;TK TID,crate S1B06c,FEROL 13,FED 146,frlpc-s1d06-05-01
sw-eth-c2e24-20-01;TK TID,crate S1B06c,FEROL 14,FED 147,frlpc-s1d06-05-01
sw-eth-c2e24-20-01;TK TID,crate S1B06c,FEROL 15,FED 148,frlpc-s1d06-05-01
sw-eth-c2e24-20-01;HCAL F+B/E,crate S2F10b,FEROL 1,FED 716,frlpc-s2d10-08-01
sw-eth-c2e24-20-01;HCAL F+B/E,crate S2F10b,FEROL 2,FED 717,frlpc-s2d10-08-01
sw-eth-c2e24-20-01;HCAL F+B/E,crate S2F10b,FEROL 3,FED 714,frlpc-s2d10-08-01
sw-eth-c2e24-20-01;HCAL F+B/E,crate S2F10b,FEROL 4,FED 715,frlpc-s2d10-08-01
sw-eth-c2e24-20-01;HCAL F+B/E,crate S2F10b,FEROL 5,FED 713,frlpc-s2d10-08-01
sw-eth-c2e24-20-01;HCAL F+B/E,crate S2F10b,FEROL 6,FED 712,frlpc-s2d10-08-01
sw-eth-c2e24-20-01;HCAL F+B/E,crate S2F10b,FEROL 7,FED 718,frlpc-s2d10-08-01
sw-eth-c2e24-20-01;HCAL F+B/E,crate S2F10b,FEROL 8,FED 719,frlpc-s2d10-08-01
sw-eth-c2e24-20-01;HCAL F+B/E,crate S2F10b,FEROL 9,FED 721,frlpc-s2d10-08-01
sw-eth-c2e24-20-01;HCAL F+B/E,crate S2F10b,FEROL 10,FED 720,frlpc-s2d10-08-01
sw-eth-c2e24-20-01;HCAL F+B/E,crate S2F10b,FEROL 11,FED 723,frlpc-s2d10-08-01
sw-eth-c2e24-20-01;HCAL F+B/E,crate S2F10b,FEROL 12,FED 722,frlpc-s2d10-08-01
sw-eth-c2e24-20-01;ru-c2e13-10-01
sw-eth-c2e24-20-01;ru-c2e13-11-01
sw-eth-c2e24-20-01;ru-c2e13-12-01
sw-eth-c2e24-20-01;ru-c2e15-10-01
sw-eth-c2e24-20-01;ru-c2e15-11-01
sw-eth-c2e24-20-01;ru-c2e15-12-01
sw-eth-c2e24-23-01;TK TOB,crate S1C02c,FEROL 1,FEDs 356,444,frlpc-s1d06-19-01
sw-eth-c2e24-23-01;TK TOB,crate S1C02c,FEROL 2,FEDs 357,445,frlpc-s1d06-19-01
sw-eth-c2e24-23-01;TK TOB,crate S1C02c,FEROL 3,FEDs 358,446,frlpc-s1d06-19-01
sw-eth-c2e24-23-01;TK TOB,crate S1C02c,FEROL 4,FEDs 359,447,frlpc-s1d06-19-01
sw-eth-c2e24-23-01;TK TOB,crate S1C02c,FEROL 5,FEDs 360,448,frlpc-s1d06-19-01
sw-eth-c2e24-23-01;TK TOB,crate S1C02c,FEROL 6,FEDs 361,449,frlpc-s1d06-19-01
sw-eth-c2e24-23-01;TK TOB,crate S1C02c,FEROL 7,FEDs 362,450,frlpc-s1d06-19-01
sw-eth-c2e24-23-01;TK TOB,crate S1C02c,FEROL 8,FEDs 363,451,frlpc-s1d06-19-01
sw-eth-c2e24-23-01;TK TOB,crate S1C02c,FEROL 9,FEDs 364,452,frlpc-s1d06-19-01
sw-eth-c2e24-23-01;TK TOB,crate S1C02c,FEROL 10,FEDs 365,453,frlpc-s1d06-19-01
sw-eth-c2e24-23-01;TK TOB,crate S1C02c,FEROL 11,FEDs 366,454,frlpc-s1d06-19-01
sw-eth-c2e24-23-01;TK TOB,crate S1C02c,FEROL 12,FEDs 367,455,frlpc-s1d06-19-01
sw-eth-c2e24-23-01;TK TOB,crate S1C02c,FEROL 13,FEDs 371,456,frlpc-s1d06-19-01
sw-eth-c2e24-23-01;TK TOB,crate S1C02c,FEROL 14,FEDs 372,457,frlpc-s1d06-19-01
sw-eth-c2e24-23-01;TK TIB,crate S1B06d,FEROL 1,FEDs 74,118,frlpc-s1d06-07-01
sw-eth-c2e24-23-01;TK TIB,crate S1B06d,FEROL 2,FEDs 75,119,frlpc-s1d06-07-01
sw-eth-c2e24-23-01;TK TIB,crate S1B06d,FEROL 3,FEDs 76,120,frlpc-s1d06-07-01
sw-eth-c2e24-23-01;TK TIB,crate S1B06d,FEROL 4,FEDs 77,121,frlpc-s1d06-07-01
sw-eth-c2e24-23-01;TK TIB,crate S1B06d,FEROL 5,FEDs 78,122,frlpc-s1d06-07-01
sw-eth-c2e24-23-01;TK TIB,crate S1B06d,FEROL 6,FEDs 79,123,frlpc-s1d06-07-01
sw-eth-c2e24-23-01;TK TIB,crate S1B06d,FEROL 7,FEDs 80,124,frlpc-s1d06-07-01
sw-eth-c2e24-23-01;TK TIB,crate S1B06d,FEROL 8,FEDs 81,125,frlpc-s1d06-07-01
sw-eth-c2e24-23-01;TK TIB,crate S1B06d,FEROL 9,FEDs 82,126,frlpc-s1d06-07-01
sw-eth-c2e24-23-01;TK TIB,crate S1B06d,FEROL 10,FEDs 83,127,frlpc-s1d06-07-01
sw-eth-c2e24-23-01;TK TIB,crate S1B06d,FEROL 11,FEDs 84,128,frlpc-s1d06-07-01
sw-eth-c2e24-23-01;TK TIB,crate S1B06d,FEROL 12,FEDs 85,129,frlpc-s1d06-07-01
sw-eth-c2e24-23-01;TK TIB,crate S1B06d,FEROL 13,FED 130,frlpc-s1d06-07-01
sw-eth-c2e24-23-01;TK TIB,crate S1B06d,FEROL 14,FED 131,frlpc-s1d06-07-01
sw-eth-c2e24-23-01;TK TIB,crate S1B06d,FEROL 15,FED 132,frlpc-s1d06-07-01
sw-eth-c2e24-23-01;TK TIB,crate S1B06d,FEROL 16,FED 133,frlpc-s1d06-07-01
sw-eth-c2e24-23-01;SCAL/HCAL O,crate S2F10c,FEROL 1,FED 735,frlpc-s2d10-09-01
sw-eth-c2e24-23-01;SCAL/HCAL O,crate S2F10c,FEROL 2,FED 725,frlpc-s2d10-09-01
sw-eth-c2e24-23-01;SCAL/HCAL O,crate S2F10c,FEROL 3,FED 724,frlpc-s2d10-09-01
sw-eth-c2e24-23-01;SCAL/HCAL O,crate S2F10c,FEROL 4,FED 728,frlpc-s2d10-09-01
sw-eth-c2e24-23-01;SCAL/HCAL O,crate S2F10c,FEROL 5,FED 729,frlpc-s2d10-09-01
sw-eth-c2e24-23-01;SCAL/HCAL O,crate S2F10c,FEROL 6,FED 726,frlpc-s2d10-09-01
sw-eth-c2e24-23-01;SCAL/HCAL O,crate S2F10c,FEROL 7,FED 727,frlpc-s2d10-09-01
sw-eth-c2e24-23-01;SCAL/HCAL O,crate S2F10c,FEROL 8,FED 730,frlpc-s2d10-09-01
sw-eth-c2e24-23-01;SCAL/HCAL O,crate S2F10c,FEROL 9,FED 731,frlpc-s2d10-09-01
sw-eth-c2e24-23-01;ru-c2e13-13-01
sw-eth-c2e24-23-01;ru-c2e13-14-01
sw-eth-c2e24-23-01;ru-c2e13-15-01
sw-eth-c2e24-23-01;ru-c2e15-13-01
sw-eth-c2e24-23-01;ru-c2e15-14-01
sw-eth-c2e24-23-01;ru-c2e15-15-01
sw-eth-c2e24-26-01;TK TOB,crate S1C06b,FEROL 1,FEDs 386,430,frlpc-s1d06-20-01
sw-eth-c2e24-26-01;TK TOB,crate S1C06b,FEROL 2,FEDs 387,431,frlpc-s1d06-20-01
sw-eth-c2e24-26-01;TK TOB,crate S1C06b,FEROL 3,FEDs 388,432,frlpc-s1d06-20-01
sw-eth-c2e24-26-01;TK TOB,crate S1C06b,FEROL 4,FEDs 389,433,frlpc-s1d06-20-01
sw-eth-c2e24-26-01;TK TOB,crate S1C06b,FEROL 5,FEDs 390,434,frlpc-s1d06-20-01
sw-eth-c2e24-26-01;TK TOB,crate S1C06b,FEROL 6,FEDs 391,435,frlpc-s1d06-20-01
sw-eth-c2e24-26-01;TK TOB,crate S1C06b,FEROL 7,FEDs 392,436,frlpc-s1d06-20-01
sw-eth-c2e24-26-01;TK TOB,crate S1C06b,FEROL 8,FEDs 393,437,frlpc-s1d06-20-01
sw-eth-c2e24-26-01;TK TOB,crate S1C06b,FEROL 9,FEDs 394,438,frlpc-s1d06-20-01
sw-eth-c2e24-26-01;TK TOB,crate S1C06b,FEROL 10,FEDs 395,439,frlpc-s1d06-20-01
sw-eth-c2e24-26-01;TK TOB,crate S1C06b,FEROL 11,FEDs 396,440,frlpc-s1d06-20-01
sw-eth-c2e24-26-01;TK TOB,crate S1C06b,FEROL 12,FEDs 397,441,frlpc-s1d06-20-01
sw-eth-c2e24-26-01;TK TOB,crate S1C06b,FEROL 13,FEDs 398,442,frlpc-s1d06-20-01
sw-eth-c2e24-26-01;TK TOB,crate S1C06b,FEROL 14,FEDs 399,443,frlpc-s1d06-20-01
sw-eth-c2e24-26-01;TK TOB,crate S1C06b,FEROL 15,FED 400,frlpc-s1d06-20-01
sw-eth-c2e24-26-01;TK TOB,crate S1C06b,FEROL 16,FED 401,frlpc-s1d06-20-01
sw-eth-c2e24-26-01;TK TIB,crate S1B02b,FEROL 1,FEDs 86,87,frlpc-s1d06-01-01
sw-eth-c2e24-26-01;TK TIB,crate S1B02b,FEROL 2,FEDs 88,89,frlpc-s1d06-01-01
sw-eth-c2e24-26-01;TK TIB,crate S1B02b,FEROL 3,FEDs 90,91,frlpc-s1d06-01-01
sw-eth-c2e24-26-01;TK TIB,crate S1B02b,FEROL 4,FEDs 92,93,frlpc-s1d06-01-01
sw-eth-c2e24-26-01;TK TIB,crate S1B02b,FEROL 5,FEDs 94,95,frlpc-s1d06-01-01
sw-eth-c2e24-26-01;TK TIB,crate S1B02b,FEROL 6,FEDs 96,97,frlpc-s1d06-01-01
sw-eth-c2e24-26-01;TK TIB,crate S1B02b,FEROL 7,FEDs 98,99,frlpc-s1d06-01-01
sw-eth-c2e24-26-01;TK TIB,crate S1B02b,FEROL 8,FEDs 100,101,frlpc-s1d06-01-01
sw-eth-c2e24-26-01;TK TIB,crate S1B02b,FEROL 9,FEDs 102,103,frlpc-s1d06-01-01
sw-eth-c2e24-26-01;TK TIB,crate S1B02b,FEROL 10,FEDs 104,105,frlpc-s1d06-01-01
sw-eth-c2e24-26-01;TK TIB,crate S1B02b,FEROL 11,FEDs 106,107,frlpc-s1d06-01-01
sw-eth-c2e24-26-01;TK TIB,crate S1B02b,FEROL 12,FEDs 108,109,frlpc-s1d06-01-01
sw-eth-c2e24-26-01;TK TIB,crate S1B02b,FEROL 13,FEDs 110,111,frlpc-s1d06-01-01
sw-eth-c2e24-26-01;TK TIB,crate S1B02b,FEROL 14,FEDs 112,113,frlpc-s1d06-01-01
sw-eth-c2e24-26-01;TK TIB,crate S1B02b,FEROL 15,FEDs 114,115,frlpc-s1d06-01-01
sw-eth-c2e24-26-01;TK TIB,crate S1B02b,FEROL 16,FEDs 116,117,frlpc-s1d06-01-01
sw-eth-c2e24-26-01;Castor/Tot-trig,crate S2F10d,FEROL 1,frlpc-s2d10-16-01
sw-eth-c2e24-26-01;Castor/Tot-trig,crate S2F10d,FEROL 2,frlpc-s2d10-16-01
sw-eth-c2e24-26-01;Castor/Tot-trig,crate S2F10d,FEROL 3,frlpc-s2d10-16-01
sw-eth-c2e24-26-01;Castor/Tot-trig,crate S2F10d,FEROL 4,frlpc-s2d10-16-01
sw-eth-c2e24-26-01;Castor/Tot-trig,crate S2F10d,FEROL 5,frlpc-s2d10-16-01
sw-eth-c2e24-26-01;Castor/Tot-trig,crate S2F10d,FEROL 6,FED 690,frlpc-s2d10-16-01
sw-eth-c2e24-26-01;Castor/Tot-trig,crate S2F10d,FEROL 7,FED 691,frlpc-s2d10-16-01
sw-eth-c2e24-26-01;Castor/Tot-trig,crate S2F10d,FEROL 8,FED 692,frlpc-s2d10-16-01
sw-eth-c2e24-26-01;Castor/Tot-trig,crate S2F10d,FEROL 9,FED 693,frlpc-s2d10-16-01
sw-eth-c2e24-26-01;ru-c2e13-16-01
sw-eth-c2e24-26-01;ru-c2e13-17-01
sw-eth-c2e24-26-01;ru-c2e13-18-01
sw-eth-c2e24-26-01;ru-c2e15-16-01
sw-eth-c2e24-26-01;ru-c2e15-17-01
sw-eth-c2e24-26-01;ru-c2e15-18-01
sw-eth-c2e24-29-01;TK TOB,crate S1C06c,FEROL 1,FEDs 407,458,frlpc-s1d06-21-01
sw-eth-c2e24-29-01;TK TOB,crate S1C06c,FEROL 2,FEDs 408,459,frlpc-s1d06-21-01
sw-eth-c2e24-29-01;TK TOB,crate S1C06c,FEROL 3,FEDs 409,460,frlpc-s1d06-21-01
sw-eth-c2e24-29-01;TK TOB,crate S1C06c,FEROL 4,FEDs 410,461,frlpc-s1d06-21-01
sw-eth-c2e24-29-01;TK TOB,crate S1C06c,FEROL 5,FEDs 411,462,frlpc-s1d06-21-01
sw-eth-c2e24-29-01;TK TOB,crate S1C06c,FEROL 6,FEDs 412,463,frlpc-s1d06-21-01
sw-eth-c2e24-29-01;TK TOB,crate S1C06c,FEROL 7,FEDs 376,464,frlpc-s1d06-21-01
sw-eth-c2e24-29-01;TK TOB,crate S1C06c,FEROL 8,FEDs 377,465,frlpc-s1d06-21-01
sw-eth-c2e24-29-01;TK TOB,crate S1C06c,FEROL 9,FEDs 378,466,frlpc-s1d06-21-01
sw-eth-c2e24-29-01;TK TOB,crate S1C06c,FEROL 10,FEDs 379,467,frlpc-s1d06-21-01
sw-eth-c2e24-29-01;TK TOB,crate S1C06c,FEROL 11,FEDs 380,468,frlpc-s1d06-21-01
sw-eth-c2e24-29-01;TK TOB,crate S1C06c,FEROL 12,FEDs 381,469,frlpc-s1d06-21-01
sw-eth-c2e24-29-01;TK TOB,crate S1C06c,FEROL 13,FEDs 382,470,frlpc-s1d06-21-01
sw-eth-c2e24-29-01;TK TOB,crate S1C06c,FEROL 14,FEDs 383,471,frlpc-s1d06-21-01
sw-eth-c2e24-29-01;TK TOB,crate S1C06c,FEROL 15,FEDs 384,472,frlpc-s1d06-21-01
sw-eth-c2e24-29-01;TK TOB,crate S1C06c,FEROL 16,FEDs 385,473,frlpc-s1d06-21-01
sw-eth-c2e24-29-01;TK TIB,crate S1B02c,FEROL 1,FED 50,frlpc-s1d06-02-01
sw-eth-c2e24-29-01;TK TIB,crate S1B02c,FEROL 2,FED 51,frlpc-s1d06-02-01
sw-eth-c2e24-29-01;TK TIB,crate S1B02c,FEROL 3,FED 52,frlpc-s1d06-02-01
sw-eth-c2e24-29-01;TK TIB,crate S1B02c,FEROL 4,FED 53,frlpc-s1d06-02-01
sw-eth-c2e24-29-01;TK TIB,crate S1B02c,FEROL 5,FED 54,frlpc-s1d06-02-01
sw-eth-c2e24-29-01;TK TIB,crate S1B02c,FEROL 6,FED 55,frlpc-s1d06-02-01
sw-eth-c2e24-29-01;TK TIB,crate S1B02c,FEROL 7,FED 56,frlpc-s1d06-02-01
sw-eth-c2e24-29-01;TK TIB,crate S1B02c,FEROL 8,FED 57,frlpc-s1d06-02-01
sw-eth-c2e24-29-01;TK TIB,crate S1B02c,FEROL 9,FED 58,frlpc-s1d06-02-01
sw-eth-c2e24-29-01;TK TIB,crate S1B02c,FEROL 10,FED 59,frlpc-s1d06-02-01
sw-eth-c2e24-29-01;TK TIB,crate S1B02c,FEROL 11,FED 60,frlpc-s1d06-02-01
sw-eth-c2e24-29-01;TK TIB,crate S1B02c,FEROL 12,FED 61,frlpc-s1d06-02-01
sw-eth-c2e24-29-01;HCAL HE/HB,crate S2F10e,FEROL 1
sw-eth-c2e24-29-01;HCAL HE/HB,crate S2F10e,FEROL 2
sw-eth-c2e24-29-01;HCAL HE/HB,crate S2F10e,FEROL 3
sw-eth-c2e24-29-01;HCAL HE/HB,crate S2F10e,FEROL 4
sw-eth-c2e24-29-01;HCAL HE/HB,crate S2F10e,FEROL 5
sw-eth-c2e24-29-01;HCAL HE/HB,crate S2F10e,FEROL 6
sw-eth-c2e24-29-01;HCAL HE/HB,crate S2F10e,FEROL 7
sw-eth-c2e24-29-01;HCAL HE/HB,crate S2F10e,FEROL 8
sw-eth-c2e24-29-01;HCAL HE/HB,crate S2F10e,FEROL 9
sw-eth-c2e24-29-01;GCT/GT,crate S1F09b,FEROL 1,FED 745,frlpc-s1d06-27-01
sw-eth-c2e24-29-01;GCT/GT,crate S1F09b,FEROL 2,FED 812,frlpc-s1d06-27-01
sw-eth-c2e24-29-01;GCT/GT,crate S1F09b,FEROL 3,FED 813,frlpc-s1d06-27-01
sw-eth-c2e24-29-01;ru-c2e13-19-01
sw-eth-c2e24-29-01;ru-c2e13-22-01
sw-eth-c2e24-29-01;ru-c2e13-23-01
sw-eth-c2e24-29-01;ru-c2e15-19-01
sw-eth-c2e24-29-01;ru-c2e15-22-01
sw-eth-c2e24-29-01;ru-c2e15-23-01
sw-eth-c2e24-32-01;TK TOB,crate S1C06d,FEROL 1,FEDs 373,427,frlpc-s1d06-22-01
sw-eth-c2e24-32-01;TK TOB,crate S1C06d,FEROL 2,FEDs 374,428,frlpc-s1d06-22-01
sw-eth-c2e24-32-01;TK TOB,crate S1C06d,FEROL 3,FEDs 375,429,frlpc-s1d06-22-01
sw-eth-c2e24-32-01;TK TOB,crate S1C06d,FEROL 4,FEDs 368,413,frlpc-s1d06-22-01
sw-eth-c2e24-32-01;TK TOB,crate S1C06d,FEROL 5,FEDs 369,414,frlpc-s1d06-22-01
sw-eth-c2e24-32-01;TK TOB,crate S1C06d,FEROL 6,FEDs 370,415,frlpc-s1d06-22-01
sw-eth-c2e24-32-01;TK TIB,crate S1B02d,FEROL 1,FED 62,frlpc-s1d06-03-01
sw-eth-c2e24-32-01;TK TIB,crate S1B02d,FEROL 2,FED 63,frlpc-s1d06-03-01
sw-eth-c2e24-32-01;TK TIB,crate S1B02d,FEROL 3,FED 64,frlpc-s1d06-03-01
sw-eth-c2e24-32-01;TK TIB,crate S1B02d,FEROL 4,FED 65,frlpc-s1d06-03-01
sw-eth-c2e24-32-01;TK TIB,crate S1B02d,FEROL 5,FED 66,frlpc-s1d06-03-01
sw-eth-c2e24-32-01;TK TIB,crate S1B02d,FEROL 6,FED 67,frlpc-s1d06-03-01
sw-eth-c2e24-32-01;TK TIB,crate S1B02d,FEROL 7,FED 68,frlpc-s1d06-03-01
sw-eth-c2e24-32-01;TK TIB,crate S1B02d,FEROL 8,FED 69,frlpc-s1d06-03-01
sw-eth-c2e24-32-01;TK TIB,crate S1B02d,FEROL 9,FED 70,frlpc-s1d06-03-01
sw-eth-c2e24-32-01;TK TIB,crate S1B02d,FEROL 10,FED 71,frlpc-s1d06-03-01
sw-eth-c2e24-32-01;TK TIB,crate S1B02d,FEROL 11,FED 72,frlpc-s1d06-03-01
sw-eth-c2e24-32-01;TK TIB,crate S1B02d,FEROL 12,FED 73,frlpc-s1d06-03-01
sw-eth-c2e24-32-01;GTPe/RPCTRG,crate S1F09a,FEROL 1,FED 814,frlpc-s1d06-26-01
sw-eth-c2e24-32-01;GTPe/RPCTRG,crate S1F09a,FEROL 2,FED 790,frlpc-s1d06-26-01
sw-eth-c2e24-32-01;GTPe/RPCTRG,crate S1F09a,FEROL 3,FED 791,frlpc-s1d06-26-01
sw-eth-c2e24-32-01;GTPe/RPCTRG,crate S1F09a,FEROL 4,FED 792,frlpc-s1d06-26-01
sw-eth-c2e24-32-01;TCDS 4,crate S1C02d,FEROL 1,FED 1088,frlpc-s1d06-38-01
sw-eth-c2e24-32-01;TCDS 4,crate S1C02d,FEROL 2,FED 1090,frlpc-s1d06-38-01
sw-eth-c2e24-32-01;TCDS 4,crate S1C02d,FEROL 3,FED 1092,frlpc-s1d06-38-01
sw-eth-c2e24-32-01;TCDS 4,crate S1C02d,FEROL 4,FED 1094,frlpc-s1d06-38-01
sw-eth-c2e24-32-01;TCDS 4,crate S1C02d,FEROL 5,FED 1096,frlpc-s1d06-38-01
sw-eth-c2e24-32-01;TCDS 4,crate S1C02d,FEROL 6,FED 1098,frlpc-s1d06-38-01
sw-eth-c2e24-32-01;TCDS 4,crate S1C02d,FEROL 7,FED 1024,frlpc-s1d06-38-01
sw-eth-c2e24-32-01;TCDS 4,crate S1C02d,FEROL 8,frlpc-s1d06-38-01
sw-eth-c2e24-32-01;TCDS 4,crate S1C02d,FEROL 9,frlpc-s1d06-38-01
sw-eth-c2e24-32-01;TCDS 4,crate S1C02d,FEROL 10,frlpc-s1d06-38-01
sw-eth-c2e24-32-01;TCDS 4,crate S1C02d,FEROL 11,frlpc-s1d06-38-01
sw-eth-c2e24-32-01;TCDS 4,crate S1C02d,FEROL 12,frlpc-s1d06-38-01
sw-eth-c2e24-32-01;TCDS 4,crate S1C02d,FEROL 13,frlpc-s1d06-38-01
sw-eth-c2e24-32-01;TCDS 4,crate S1C02d,FEROL 14,frlpc-s1d06-38-01
sw-eth-c2e24-32-01;ru-c2e13-24-01
sw-eth-c2e24-32-01;ru-c2e13-25-01
sw-eth-c2e24-32-01;ru-c2e13-26-01
sw-eth-c2e24-32-01;ru-c2e15-24-01
sw-eth-c2e24-32-01;ru-c2e15-25-01
sw-eth-c2e24-32-01;ru-c2e15-26-01
sw-eth-c2e24-35-01;TK TEC+,crate S1C07b,FEROL 1,FEDs 341,342,frlpc-s1d06-23-01
sw-eth-c2e24-35-01;TK TEC+,crate S1C07b,FEROL 2,FEDs 343,344,frlpc-s1d06-23-01
sw-eth-c2e24-35-01;TK TEC+,crate S1C07b,FEROL 3,FEDs 345,346,frlpc-s1d06-23-01
sw-eth-c2e24-35-01;TK TEC+,crate S1C07b,FEROL 4,FEDs 347,348,frlpc-s1d06-23-01
sw-eth-c2e24-35-01;TK TEC+,crate S1C07b,FEROL 5,FEDs 349,350,frlpc-s1d06-23-01
sw-eth-c2e24-35-01;TK TEC+,crate S1C07b,FEROL 6,FEDs 351,352,frlpc-s1d06-23-01
sw-eth-c2e24-35-01;TK TEC+,crate S1C07b,FEROL 7,FEDs 353,354,frlpc-s1d06-23-01
sw-eth-c2e24-35-01;TK TEC+,crate S1C07b,FEROL 8,FEDs 326,355,frlpc-s1d06-23-01
sw-eth-c2e24-35-01;TK TEC+,crate S1C07b,FEROL 9,FEDs 327,328,frlpc-s1d06-23-01
sw-eth-c2e24-35-01;TK TEC+,crate S1C07b,FEROL 10,FEDs 329,330,frlpc-s1d06-23-01
sw-eth-c2e24-35-01;TK TEC+,crate S1C07b,FEROL 11,FEDs 331,332,frlpc-s1d06-23-01
sw-eth-c2e24-35-01;TK TEC+,crate S1C07b,FEROL 12,FEDs 333,334,frlpc-s1d06-23-01
sw-eth-c2e24-35-01;TK TEC+,crate S1C07b,FEROL 13,FEDs 335,336,frlpc-s1d06-23-01
sw-eth-c2e24-35-01;TK TEC+,crate S1C07b,FEROL 14,FEDs 337,338,frlpc-s1d06-23-01
sw-eth-c2e24-35-01;TK TEC+,crate S1C07b,FEROL 15,FEDs 339,340,frlpc-s1d06-23-01
sw-eth-c2e24-35-01;TK TEC+,crate S1C07b,FEROL 16,FEDs 316,317,frlpc-s1d06-23-01
sw-eth-c2e24-35-01;Pix BA,crate S1G05c,FEROL 1,FED 31,frlpc-s1d06-32-01
sw-eth-c2e24-35-01;Pix BA,crate S1G05c,FEROL 2,FED 30,frlpc-s1d06-32-01
sw-eth-c2e24-35-01;Pix BA,crate S1G05c,FEROL 3,FED 29,frlpc-s1d06-32-01
sw-eth-c2e24-35-01;Pix BA,crate S1G05c,FEROL 4,FED 28,frlpc-s1d06-32-01
sw-eth-c2e24-35-01;Pix BA,crate S1G05c,FEROL 5,FED 27,frlpc-s1d06-32-01
sw-eth-c2e24-35-01;Pix BA,crate S1G05c,FEROL 6,FED 26,frlpc-s1d06-32-01
sw-eth-c2e24-35-01;Pix BA,crate S1G05c,FEROL 7,FED 25,frlpc-s1d06-32-01
sw-eth-c2e24-35-01;Pix BA,crate S1G05c,FEROL 8,FED 24,frlpc-s1d06-32-01
sw-eth-c2e24-35-01;Pix BA,crate S1G05c,FEROL 9,FED 23,frlpc-s1d06-32-01
sw-eth-c2e24-35-01;Pix BA,crate S1G05c,FEROL 10,FED 22,frlpc-s1d06-32-01
sw-eth-c2e24-35-01;Pix BA,crate S1G05c,FEROL 11,FED 21,frlpc-s1d06-32-01
sw-eth-c2e24-35-01;Pix BA,crate S1G05c,FEROL 12,FED 20,frlpc-s1d06-32-01
sw-eth-c2e24-35-01;Pix BA,crate S1G05c,FEROL 13,FED 19,frlpc-s1d06-32-01
sw-eth-c2e24-35-01;Pix BA,crate S1G05c,FEROL 14,FED 18,frlpc-s1d06-32-01
sw-eth-c2e24-35-01;Pix BA,crate S1G05c,FEROL 15,FED 17,frlpc-s1d06-32-01
sw-eth-c2e24-35-01;Pix BA,crate S1G05c,FEROL 16,FED 16,frlpc-s1d06-32-01
sw-eth-c2e24-35-01;DT,crate S1G05a,FEROL 1,FED 770,frlpc-s1d06-30-01
sw-eth-c2e24-35-01;DT,crate S1G05a,FEROL 2,FED 771,frlpc-s1d06-30-01
sw-eth-c2e24-35-01;DT,crate S1G05a,FEROL 3,FED 772,frlpc-s1d06-30-01
sw-eth-c2e24-35-01;DT,crate S1G05a,FEROL 4,FED 773,frlpc-s1d06-30-01
sw-eth-c2e24-35-01;DT,crate S1G05a,FEROL 5,FED 774,frlpc-s1d06-30-01
sw-eth-c2e24-35-01;DT,crate S1G05a,FEROL 6,frlpc-s1d06-30-01
sw-eth-c2e24-35-01;DT,crate S1G05a,FEROL 7,frlpc-s1d06-30-01
sw-eth-c2e24-35-01;DT,crate S1G05a,FEROL 8,frlpc-s1d06-30-01
sw-eth-c2e24-35-01;DT,crate S1G05a,FEROL 9,frlpc-s1d06-30-01
sw-eth-c2e24-35-01;DT,crate S1G05a,FEROL 10,frlpc-s1d06-30-01
sw-eth-c2e24-35-01;ru-c2e13-27-01
sw-eth-c2e24-35-01;ru-c2e13-28-01
sw-eth-c2e24-35-01;ru-c2e13-29-01
sw-eth-c2e24-35-01;ru-c2e15-27-01
sw-eth-c2e24-35-01;ru-c2e15-28-01
sw-eth-c2e24-35-01;ru-c2e15-29-01
sw-eth-c2e24-38-01;TK TEC+,crate S1C07c,FEROL 1,FEDs 284,318,frlpc-s1d06-24-01
sw-eth-c2e24-38-01;TK TEC+,crate S1C07c,FEROL 2,FEDs 285,319,frlpc-s1d06-24-01
sw-eth-c2e24-38-01;TK TEC+,crate S1C07c,FEROL 3,FEDs 286,320,frlpc-s1d06-24-01
sw-eth-c2e24-38-01;TK TEC+,crate S1C07c,FEROL 4,FEDs 287,321,frlpc-s1d06-24-01
sw-eth-c2e24-38-01;TK TEC+,crate S1C07c,FEROL 5,FEDs 288,322,frlpc-s1d06-24-01
sw-eth-c2e24-38-01;TK TEC+,crate S1C07c,FEROL 6,FEDs 289,323,frlpc-s1d06-24-01
sw-eth-c2e24-38-01;TK TEC+,crate S1C07c,FEROL 7,FEDs 290,324,frlpc-s1d06-24-01
sw-eth-c2e24-38-01;TK TEC+,crate S1C07c,FEROL 8,FEDs 291,325,frlpc-s1d06-24-01
sw-eth-c2e24-38-01;TK TEC+,crate S1C07c,FEROL 9,FEDs 260,292,frlpc-s1d06-24-01
sw-eth-c2e24-38-01;TK TEC+,crate S1C07c,FEROL 10,FEDs 261,293,frlpc-s1d06-24-01
sw-eth-c2e24-38-01;TK TEC+,crate S1C07c,FEROL 11,FEDs 262,294,frlpc-s1d06-24-01
sw-eth-c2e24-38-01;TK TEC+,crate S1C07c,FEROL 12,FEDs 263,295,frlpc-s1d06-24-01
sw-eth-c2e24-38-01;TK TEC+,crate S1C07c,FEROL 13,FEDs 264,296,frlpc-s1d06-24-01
sw-eth-c2e24-38-01;TK TEC+,crate S1C07c,FEROL 14,FEDs 265,297,frlpc-s1d06-24-01
sw-eth-c2e24-38-01;TK TEC+,crate S1C07c,FEROL 15,FEDs 266,298,frlpc-s1d06-24-01
sw-eth-c2e24-38-01;TK TEC+,crate S1C07c,FEROL 16,FEDs 267,299,frlpc-s1d06-24-01
sw-eth-c2e24-38-01;Pix BA,crate S1G05d,FEROL 1,FED 15,frlpc-s1d06-33-01
sw-eth-c2e24-38-01;Pix BA,crate S1G05d,FEROL 2,FED 14,frlpc-s1d06-33-01
sw-eth-c2e24-38-01;Pix BA,crate S1G05d,FEROL 3,FED 13,frlpc-s1d06-33-01
sw-eth-c2e24-38-01;Pix BA,crate S1G05d,FEROL 4,FED 12,frlpc-s1d06-33-01
sw-eth-c2e24-38-01;Pix BA,crate S1G05d,FEROL 5,FED 11,frlpc-s1d06-33-01
sw-eth-c2e24-38-01;Pix BA,crate S1G05d,FEROL 6,FED 10,frlpc-s1d06-33-01
sw-eth-c2e24-38-01;Pix BA,crate S1G05d,FEROL 7,FED 9,frlpc-s1d06-33-01
sw-eth-c2e24-38-01;Pix BA,crate S1G05d,FEROL 8,FED 8,frlpc-s1d06-33-01
sw-eth-c2e24-38-01;Pix BA,crate S1G05d,FEROL 9,FED 7,frlpc-s1d06-33-01
sw-eth-c2e24-38-01;Pix BA,crate S1G05d,FEROL 10,FED 6,frlpc-s1d06-33-01
sw-eth-c2e24-38-01;Pix BA,crate S1G05d,FEROL 11,FED 5,frlpc-s1d06-33-01
sw-eth-c2e24-38-01;Pix BA,crate S1G05d,FEROL 12,FED 4,frlpc-s1d06-33-01
sw-eth-c2e24-38-01;Pix BA,crate S1G05d,FEROL 13,FED 3,frlpc-s1d06-33-01
sw-eth-c2e24-38-01;Pix BA,crate S1G05d,FEROL 14,FED 2,frlpc-s1d06-33-01
sw-eth-c2e24-38-01;Pix BA,crate S1G05d,FEROL 15,FED 1,frlpc-s1d06-33-01
sw-eth-c2e24-38-01;Pix BA,crate S1G05d,FEROL 16,FED 0,frlpc-s1d06-33-01
sw-eth-c2e24-38-01;LTC,crate S1F09c,FEROL 1,FED 816,frlpc-s1d06-43-01
sw-eth-c2e24-38-01;LTC,crate S1F09c,FEROL 2,FED 817,frlpc-s1d06-43-01
sw-eth-c2e24-38-01;LTC,crate S1F09c,FEROL 3,FED 820,frlpc-s1d06-43-01
sw-eth-c2e24-38-01;LTC,crate S1F09c,FEROL 4,FED 821,frlpc-s1d06-43-01
sw-eth-c2e24-38-01;LTC,crate S1F09c,FEROL 5,FED 818,frlpc-s1d06-43-01
sw-eth-c2e24-38-01;LTC,crate S1F09c,FEROL 6,FED 819,frlpc-s1d06-43-01
sw-eth-c2e24-38-01;LTC,crate S1F09c,FEROL 7,FED 822,frlpc-s1d06-43-01
sw-eth-c2e24-38-01;LTC,crate S1F09c,FEROL 8,FED 823,frlpc-s1d06-43-01
sw-eth-c2e24-38-01;LTC,crate S1F09c,FEROL 9,FED 824,frlpc-s1d06-43-01
sw-eth-c2e24-38-01;ru-c2e13-30-01
sw-eth-c2e24-38-01;ru-c2e13-34-01
sw-eth-c2e24-38-01;ru-c2e13-35-01
sw-eth-c2e24-38-01;ru-c2e15-30-01
sw-eth-c2e24-38-01;ru-c2e15-34-01
sw-eth-c2e24-38-01;ru-c2e15-35-01
